{"x":{"0":0.2,"1":0.2,"2":-1.4583333333,"3":-1.4583333333,"4":-1.4583333333,"5":-1.9583333333,"6":-2.7083333333,"7":-2.7083333333,"8":-3.2083333333,"9":-3.2083333333,"10":-3.2083333333,"11":-3.7083333333,"12":-0.9583333333,"13":-1.2083333333,"14":-1.2083333333,"15":-1.2083333333,"16":-1.2083333333,"17":-2.2083333333,"18":-2.7083333333,"19":-3.7083333333,"20":0.2,"21":0.2,"22":0.2,"23":0.2,"24":1.9166666667,"25":1.9166666667,"26":1.9166666667,"27":0.5416666667,"28":0.5416666667,"29":-0.2083333333,"30":-0.2083333333,"31":-0.2083333333,"32":-0.7083333333,"33":3.2916666667,"34":2.7916666667,"35":2.2916666667,"36":3.2916666667,"37":3.7916666667,"38":1.2916666667,"39":0.7916666667,"40":1.7916666667,"41":0.7916666667,"42":0.2916666667,"43":-0.7083333333},"y":{"0":1.0,"1":1.0,"2":2.0,"3":3.0,"4":4.0,"5":5.0,"6":6.0,"7":7.0,"8":8.0,"9":9.0,"10":10.0,"11":11.0,"12":5.0,"13":6.0,"14":7.0,"15":8.0,"16":9.0,"17":8.0,"18":11.0,"19":12.0,"20":1.0,"21":2.0,"22":3.0,"23":1.0,"24":2.0,"25":3.0,"26":4.0,"27":5.0,"28":6.0,"29":7.0,"30":8.0,"31":9.0,"32":10.0,"33":5.0,"34":6.0,"35":7.0,"36":7.0,"37":6.0,"38":7.0,"39":8.0,"40":8.0,"41":9.0,"42":10.0,"43":11.0}}